id;title;link;description;tags;search_string;quantity_clicks;source;source_date;smal_image;posted_by;creation_date;last_update
1;mobile Fish;Home Loan Account Table Computer;Trace;Savings Account alarm;Tasty Metal Bacon;93855;Electronics;2019-07-16;Money Market Account;Albania web-readiness;2019-07-17;2019-07-17
2;enable Gorgeous Frozen Pants;Common;Savings Account syndicate Planner;Refined Rubber Chicken Table;Automotive;94220;South Dakota envisioneer Music;2019-07-17;Monitored Bahamian Dollar Investment Account;Games Regional Digitized;2019-07-17;2019-07-16
3;convergence;Mayotte;Industrial;connect Markets Chief;capacitor archive;57044;Aruba;2019-07-16;navigating;interactive generating compelling;2019-07-17;2019-07-17
4;bifurcated scalable;Small;deliverables reinvent 24 hour;overriding;monitor 1080p Checking Account;92630;deposit Internal;2019-07-16;Highway Ergonomic;moratorium moratorium;2019-07-16;2019-07-17
5;tangible Mississippi;Frozen bus;hard drive Robust Networked;Poland;Small partnerships;20171;Dynamic;2019-07-17;Montana;Corporate Phased relationships;2019-07-16;2019-07-17
6;Brand;neutral Salad;Auto Loan Account modular Refined;digital maroon;EXE projection Fresh;35629;Direct;2019-07-17;withdrawal;copying;2019-07-16;2019-07-17
7;Hat;supply-chains magenta;encompassing;Directives;sky blue;55810;facilitate Tasty Concrete Chips Exclusive;2019-07-17;card Plastic;Computers Personal Loan Account Berkshire;2019-07-17;2019-07-17
8;ubiquitous;Public-key Granite;Way Dominican Republic;Bulgarian Lev navigate;Re-contextualized;80313;Point Orchestrator;2019-07-17;bypassing optical;installation;2019-07-17;2019-07-17
9;HDD;Algerian Dinar;firewall;Future-proofed deposit Sausages;disintermediate Cambridgeshire hacking;67569;bandwidth azure;2019-07-17;Fiji Dollar Profound Bacon;Macao Equatorial Guinea Vision-oriented;2019-07-17;2019-07-16
10;Virginia THX pink;cross-media;programming SCSI drive;invoice Unbranded Cheese;New Zealand Dollar Alabama transform;94013;Supervisor clear-thinking;2019-07-17;Buckinghamshire Ports;Devolved driver Networked;2019-07-17;2019-07-17
